preloadData,False
randSeed,20190821
network,FBCNet
batchSize,16
modelArguments,"{'nChan': 20, 'nTime': 2000, 'dropoutP': 0.5, 'nBands': 9, 'm': 32, 'temporalLayer': 'LogVarLayer', 'nClass': 2, 'doWeightNorm': True}"
modelTrainArguments,"{'stopCondi': {'c': {'Or': {'c1': {'MaxEpoch': {'maxEpochs': 1500, 'varName': 'epoch'}}, 'c2': {'NoDecrease': {'numEpochs': 200, 'varName': 'valInacc'}}}}}, 'classes': [0, 1], 'sampler': 'RandomSampler', 'loadBestModel': True, 'bestVarToCheck': 'valInacc', 'continueAfterEarlystop': False, 'lr': 0.001}"
transformArguments,
cv,subSpecific-Kfold
kFold,10
data,raw
subTorun,
loadNetInitState,True
pathNetInitState,/data1/home/zhangyukun/multimodel/FBCNet-master/codes/netInitModels/FBCNet_hypub.pth
outPath,/data1/home/zhangyukun/multimodel/FBCNet-master/output/hypub/cv/2022-10-21--16-00-179/
netInitStateExists,True
