preloadData,False
randSeed,20190821
network,FBCNet
batchSize,16
modelArguments,"{'nChan': 44, 'nTime': 2000, 'dropoutP': 0.5, 'nBands': 9, 'm': 32, 'temporalLayer': 'LogVarLayer', 'nClass': 5, 'doWeightNorm': True}"
modelTrainArguments,"{'stopCondi': {'c': {'Or': {'c1': {'MaxEpoch': {'maxEpochs': 1500, 'varName': 'epoch'}}, 'c2': {'NoDecrease': {'numEpochs': 200, 'varName': 'valInacc'}}}}}, 'classes': [0, 1, 2, 3, 4], 'sampler': 'RandomSampler', 'loadBestModel': True, 'bestVarToCheck': 'valInacc', 'continueAfterEarlystop': False, 'lr': 0.001}"
transformArguments,
cv,subSpecific-Kfold
kFold,10
data,raw
subTorun,
loadNetInitState,True
pathNetInitState,/data1/home/zhangyukun/multimodel/FBCNet-master/codes/netInitModels/FBCNet_MI5.pth
outPath,/data1/home/zhangyukun/multimodel/FBCNet-master/output/MI5/cv/2022-10-21--15-59-920/
netInitStateExists,True
